recency,frequency,monetary
1.2893377801973964,3.449691588146665,-0.49772229440120075
-1.2072643178700064,5.661036864580413,0.06786885530247178
2.89921210502688,5.784302118882814,3.922826481859448
-0.38202551326630263,-2.112335217499678,2.656236815622222
1.3526956097021245,3.2043865368641953,2.3535056956389337
-0.9332733623977101,5.889672116433523,0.8768758511771063
1.3915004362188932,-0.8835895481589775,1.34725885269967
2.093286366642348,2.987879916936869,1.593682916618169
0.538450033802061,3.805754876756085,3.9847995752498635
1.8401317791583307,-1.794498759457253,2.2398564797686724
-2.7099884630075586,7.152020248852912,9.640800106042855
1.3782594419911967,6.186938024504644,0.7075084602904316
1.1675680148786982,-1.993749559274668,1.5009761482068633
-1.4985188840199672,6.161566970774314,2.2094958225903603
-2.508982767187458,6.085498877661616,1.6326563202383715
-0.6571839164737354,5.99606002889146,2.141303140087018
-1.9497533692752747,5.901993018894099,0.5942364791709812
-0.29421491993923854,5.273184035606401,0.882144116318718
1.3837319147876055,3.5338712530030736,2.5945167127246953
0.8530682334820798,-1.3318343160705242,1.1363194056275314
-1.8239306723748303,5.718271061266143,-0.3695901998487908
-3.4935774231175523,8.399468550715403,7.988702912028059
1.7502155993991688,-2.1255579501448914,1.8019852753727283
-0.15696480404707702,-0.7066561758972242,3.38101259065173
1.2991627150282243,-0.3020334490282457,2.9827383676766988
0.49524296008570734,6.607704025132332,0.9952516987113307
-0.25113779395439073,7.866061839980112,9.203613631573651
1.0395320727468267,4.460293865413766,2.287448557633154
0.9369872603189995,3.1356938297071926,2.5785441819646318
1.3753164241866251,1.5311945710217398,4.011179829683572
-1.3909563800765916,-1.2754195982003684,0.9014756335333627
-1.1883610916298741,7.622936970871285,8.511140698098089
-2.8976094772166645,5.52680948428629,0.8469224682343354
2.1156707630897955,3.0689615070947376,2.457609162610427
0.422687258042707,7.779326995192837,9.27187016728549
-2.8591341781960837,7.799691943781373,11.654000561240338
1.2531454526817059,-0.7123841907340391,2.976807850514753
-2.284103528825952,6.659057981217528,1.109076761593784
-2.5381143340417367,5.1564053008670445,1.3318898620365682
-0.9770855901088393,7.033963130247219,8.626073778172826
1.4700118558956836,4.187683388414023,0.02458305365138358
0.11169276693333408,7.745078008364647,10.6408524498273
-2.4747491352007662,5.452475312702909,0.9374027946290988
-3.3380013757834295,7.51607747792062,-0.21438826674805622
-2.6701756463865873,9.833416095391598,8.416705901786377
-0.2617568564619761,-1.6128347801935181,3.1121751993788944
0.0795269212118328,7.734178529424195,8.470113822678957
0.8237389936575217,-2.1854569800269092,2.403648295393134
-2.180996685540528,6.5723916665393185,9.725744302660233
2.4645222723420948,6.199676503478973,3.2340470925925286
2.0307435394976587,-3.4787081147035073,2.2579905316036246
0.622276167293011,2.928836034030371,1.4116491185999873
1.8823147368218804,3.4425616423936876,3.9653324745319116
-1.3711218823345175,5.4180016792166,0.3010754002842004
-2.388452075681112,9.590446169383652,9.140266787710994
1.0397254651251724,-0.006909152456132661,4.6374715687493175
-2.6967207134704827,6.7725933025589375,0.8746315675522021
-0.6609963953463243,7.3301016983771845,8.457463668026616
0.5052746617883002,-4.5730470680218325,3.4611941527206422
-2.930393900944165,5.867590512792052,-0.2762628657562658
-2.286035608052435,8.17412556767335,0.3014655500422515
-3.0259227294798565,7.30275722366204,10.364004944455086
0.847060118976271,-2.0444230557323086,1.939052401974353
-2.421413473150196,6.566159688683684,0.5124100199136057
-2.090382113742507,6.123621266932104,0.9907692155042633
1.2949977314895162,5.160617939351081,1.404241928132731
1.7555875842302733,-0.385802146564332,4.384460976907301
3.0407629399058145,4.193246670215918,3.0754402331486776
0.8212599854556608,4.91786669779447,2.977474192999405
-0.8551928407660586,6.896478442963809,10.290276201433832
-0.3302567731888215,5.961918007066578,1.9371034763043082
-1.9159684953167093,9.517381755714732,8.420669362849939
1.028215474342634,5.032877889625927,2.1842504321902885
1.6979616092779644,-1.8360184579936143,2.68441559978943
-1.9047194497176818,5.000905510366891,11.390046231504261
-2.0369250292555163,8.930098390353685,9.508076735969318
0.008943402584306037,-0.5901615496866482,4.330209967370566
-2.924947071263113,3.822620442408583,1.1676020006328125
-0.17991235327541766,5.084985429158383,3.5497520659242467
-2.8627755314959002,6.20034954957015,1.8757236620316742
-1.8489133324039386,9.387703195690154,9.560159698023933
-0.2291621488188067,-2.25758176608673,2.5330024521518473
1.4761851576668152,-1.1772495562287313,2.1537383374266796
3.154387157236146,-2.231604289078139,3.8611429863026174
1.135766807770249,-2.932866929489805,2.327824615463583
-2.689283698964302,6.39046344136309,1.470372282389619
0.5411165268248577,6.153051055927731,2.7275622784453133
-0.5251552810083521,7.860072140889506,9.993238940163751
-2.5666516443908844,7.464756012421141,8.327639414464295
-0.12383659023578208,8.590855711304933,10.140662621375505
-2.166260544565196,8.087956642718467,10.093577007282008
-1.2716788797676024,8.914654743754083,7.269039494521671
1.6448519941425688,-2.7158489684256413,3.6911352387357224
-1.7698354527395233,6.650773425230042,10.233948608481246
2.4159248302936422,-1.9115494363644232,2.474046168177925
-0.9050108714651792,6.7706299099643745,1.256278493898559
0.23823916934080636,4.583711926491628,1.95711713178992
1.4649539377906062,-1.74957911373706,2.564450512575924
-2.6201748344386786,3.8358612860699193,-0.5681020314493546
-1.1503596293335232,7.387294652960886,8.623917282290199
-0.1668797402879605,7.204084027192206,9.031917418567481
-0.9176790184717762,8.784706489199829,7.770858640638874
-1.5011834644033422,5.33839842767073,0.5030934123777476
1.3663634012344215,3.65137874506137,1.6643141462452768
-1.9783530169900672,5.681726338107883,-0.7207883271050015
-2.9917782174614374,6.044350239576347,-0.6627262044981388
3.359414853410437,5.248266814438804,1.1424452959887192
1.3722767912081404,3.210725818717884,0.5640099287272724
-1.3155043419423442,6.535542102818389,0.16042104517305472
1.6690696086147825,-0.49746518443913823,2.0091190153740697
0.4584741381357889,-1.345565584004084,2.4150655606905844
-2.589752500329193,8.312358384563817,9.421704791400664
-0.6701040643705172,-2.706061943859593,4.219310332997884
-2.1360359113820855,8.771858559194055,8.747614616918646
1.2376286437391988,-1.5425861248244601,3.078810429631346
-2.0724531832546993,6.110101435637348,2.0129477818472434
0.7154188761479939,-1.7298008539885725,2.807999482023809
-1.8062517598385628,7.101912416471949,1.0773966285267482
-1.4602078413128259,4.956530145117422,1.874048262585972
-0.05797276323796963,4.985381845730017,1.2518578572590369
-2.503370416181328,6.564852552030311,1.6824768686295652
-1.6832018324745572,4.695492568536326,-0.6365029879011703
1.616401604644087,2.686831283137556,2.0309413970339425
-1.2820764355644352,9.005475534943471,0.7673980326060021
1.9256908854722559,4.391338568833581,0.82983200260271
1.671019222202501,3.5781899489848055,0.6719035660378225
1.9758609636521747,-4.086088679566002,4.099260862621408
0.518516097058014,-3.2692602110311357,1.614639507220807
0.7070101663565375,-1.9217535272553556,2.6501487244391564
1.2494437706192951,-1.1476684796863186,2.447849378632248
1.5145502143312157,-1.518276114304329,3.4448864697877823
0.16861900114324113,-1.3303466124931205,3.272639954446341
-1.3637234734342103,5.7791482136309025,0.31396104646540085
0.4479257980820104,7.8206023122868915,10.094661147045398
-2.7324674286179556,5.517845466601185,1.1748048763060426
-0.5282220154044974,6.011203359703764,9.576859114482588
-0.3073381601710369,8.240664095964481,9.771307614703444
1.2787419762862764,3.6694652337674265,1.69252635544574
-1.9355548119028136,7.717985469223483,9.739421636054617
-1.2896565863041176,7.077589155216428,9.223171115735765
-1.8022260050678631,6.080648550338136,1.4414180534394032
-2.7898431744179377,10.429884603409747,8.86922291616965
0.41968965589745016,-2.006559827229853,3.5382405596766353
-2.1244791117764423,6.365543268631352,0.8170439757118757
-2.1296896767800124,6.375274346953682,-1.2401792353254808
-1.6184982154504932,7.381655974589593,9.676519750183834
2.557214456127809,-0.4583946139058963,2.464496457481735
-1.0579442171522104,6.983730818388004,11.095978810148546
1.0213855741714435,-1.6570109674156095,3.0118354907186915
0.6784791991447667,3.994774358401268,0.37926371510290124
-0.25969159925291674,-1.8391962643475988,2.7602152451693067
-1.6850041122041577,6.192494722110985,8.867183413760754
-3.502330084934526,6.598998214686826,0.3095256598487075
0.24110018732833005,8.356763763917307,9.885182402751745
-0.21384588826463213,6.839247375270528,8.055316698427436
-1.2658541313864506,6.819818270593158,1.3448180647192878
-1.4719232452886661,-0.6628517127242575,0.678278202671386
-1.0709610298480834,-2.186960333355988,3.0937012146291507
1.9979479981583106,-0.2288820408956842,5.614106313896702
-0.6527656851455441,-1.10958519219007,1.9735137705088288
1.596120809045273,-1.523133124135636,3.8497306354474263
-2.7534844476097162,5.9392147910865765,0.8059517201821559
0.08080707179353208,7.017966918025367,7.871907916981276
1.6982284633689337,-1.448643838060244,2.5226532786787685
-3.2275393460366257,3.8717687525125397,2.1627189224071066
-3.3793400303099186,4.974238309695773,0.906199690058844
-0.5682809305010479,7.1391333617805115,8.98285810921672
0.7368909009705686,5.403446923335503,2.7105312521554756
-1.7835259392789946,7.86086522402661,10.427439240514605
1.827168771417465,-0.9446794218239811,0.823279190126978
0.6809321893623982,-2.4570605157462264,2.739293169245794
-0.7383988690669618,5.57592812997652,0.886229641017434
-0.6539282684195495,4.7665695829741646,1.1479691570496358
-1.9830003882426368,6.497758851332466,-0.5267182024683821
1.3963539348477643,-0.47893185725385257,3.2021619321403376
0.6013354719334862,7.62129335944151,8.774238572026404
-2.461609357267773,7.6564158595136975,0.5022479244696658
-1.5532194126005707,8.864395508236449,9.200968202460581
-1.0208629996250218,6.818721367031825,9.158479885249788
1.6660882430812833,5.605633557013388,1.427179961791299
0.6647175464191224,4.359952669678135,0.8901176806495215
-0.45026176269118356,-2.288477401478464,4.92913894279626
0.0377282323341428,6.3284616174273225,9.949715942382209
-1.9285440923544104,4.058612761691463,2.2471492014350574
-1.008673014889759,7.465658849337791,10.245790999163123
0.08467067138385953,-1.2523876554979658,2.026967178337595
0.8360372578422894,-1.63420928951308,2.19827787278133
-2.086726167522813,7.235845592945251,0.16751660140021812
1.9529091150302078,4.660153724622792,2.761840689624826
-0.4901542492560189,4.824852203901148,1.4794795516198118
-2.105587959915642,7.223646077331219,2.5919585499765567
-1.870355146335615,6.758297321967238,0.4453303804043707
-3.761160882169894,5.772862709481077,-0.8548370948760193
-2.4993838462515194,6.212410863391767,1.9022571450539278
0.8166966404002282,4.170085767779951,3.1330113274091405
-1.5657988686763495,6.203036713573611,9.206121055406065
1.8407097472604548,-4.266581180411462,2.3485702078629376
-0.8434939627056528,8.059303578954506,9.602878192148324
-2.631648409069868,5.479472030597917,-1.3144634982592527
-1.6337455351217585,6.233623966669057,8.386074268175546
0.863421379405983,-0.43055716755610685,2.6836664599885864
-1.5962176306669962,6.4820711574938805,8.240612108128456
-1.2744480120904007,6.147229987870162,9.160789227461034
0.5730931315733154,5.526232397830817,2.263542499509738
2.128601643329615,5.383405919485211,1.241903262228675
0.47334603896003535,-0.6643080018934543,0.26226316835818997
0.5381957769353087,3.050991967398464,2.832757877264788
-1.0937149464670375,4.730046058226491,2.7321755564631234
1.6298886739868557,5.168223526307896,1.313102501026436
1.0646921655911565,3.992901155749918,2.1526676877016615
-0.12811326088195552,4.355952406709364,1.3157045250415647
-0.7192105364117186,8.25808863735042,7.913474484516772
2.3026559752335256,3.6092194677170246,1.905632981105207
2.6403324405935678,-1.749509694170226,2.0048030432913264
0.5126741039004008,4.785268801221852,0.5144705069882531
-1.890136716211294,6.013293627386472,-0.22152400448500786
-3.0424850462358712,9.161921658007287,8.308648785814322
-3.6795827112405655,7.099484091509548,0.2771145185820616
0.6739673279711595,3.255234362381297,0.6352495842539028
-2.815250485607753,7.384156978539068,9.538943184986822
-2.2436381525627747,6.773247637335602,1.1850100669741346
-0.7835545555564967,-2.4158753713173553,3.1600002223182457
1.415661779811032,4.470460822820919,2.690298958324984
-2.8500698279092975,5.080796295472691,0.715588220961436
-3.1216926453175224,4.927200640127965,0.8021506160237706
-1.906206819507319,8.303845249918647,11.0091342077063
3.3101173394816854,-2.4874083948550534,2.1247648986254513
-2.0859338166540953,7.244276911877164,8.605534923661187
-0.4624519479149777,7.7779904971762,8.882038157846571
-2.145656701647981,9.14793038278259,8.414282821576244
-3.0511101556263402,4.940926359339101,0.42187450406080135
-1.5945052223934602,7.040823694570095,9.471222499965554
0.015244841388018293,-0.39830994870733694,3.413883207677085
-2.0291804131268925,6.442657189253933,1.6928607180054909
-1.4707327849890706,6.976540107833922,9.324209487031876
0.2098260489092545,-2.7409814163160258,2.4769596290405316
-3.376694180553911,4.749644702191847,1.6952037105947533
0.8838976358242934,8.77190574147271,9.238160033150915
-0.9600097273000119,4.492565924242219,2.5791585452670835
0.4287994719711412,-3.7283452987224632,3.117182458229588
-0.9212931793416929,8.165495130151905,11.499199541758845
-2.3932227492827796,7.093667891264106,1.2820094171996708
-1.0226471202750465,8.285172115873587,9.205979601097605
-2.380493693632018,6.073534362900057,-0.4224319538956167
0.9080284732218639,6.017130049097757,1.310512699384438
0.29145998760618186,3.4329901782665084,1.4764178566684625
-0.57417134752565,0.12123091898565419,3.0821100168204567
1.3367066176099793,-1.7464450415531187,1.8338456406611883
0.4270260017831454,-1.7438535831585544,3.3632755122279203
-3.9699769306066233,5.101187954069626,2.7274729299253755
1.309944405920762,5.797866400605996,1.850109257667077
-0.23034767153207003,-1.2464623079056094,1.924758650403542
0.787174254872009,-3.187603825091169,3.033030134473215
-1.606801118614481,7.219762308375522,0.274800141634016
1.1312175042434114,4.681949847050563,1.1674817738027652
0.09203715239856902,-2.6452159375435373,2.7868282497917103
1.1111437088481058,-2.7354776669551266,2.675862431462903
-0.16632055626888498,6.390519816568222,8.062712215897236
-1.7147103108582902,6.3710972822201155,0.982593850672389
-2.318937639845628,7.403760376189196,1.2683274194411376
0.37895400958113235,4.065865597712383,0.6312066124503464
0.482950195184301,3.760925851431672,2.4713175676943036
-1.2269045509026015,6.91634657077165,9.466009059085803
2.164299870898797,4.6207299393732395,2.976126345213697
0.7963452427341442,3.2330347059378477,3.109719248364015
-1.534497515119774,5.176574669116497,1.5467810336211394
-1.2471330736779316,4.9290187784755775,0.4532098658261303
3.139506027827185,5.640315276884782,1.6860856834904343
-0.8713792538952575,7.289748041623811,7.388669365041139
-3.269049854635897,6.267608714804635,0.17195666786960528
-2.1810448162525886,9.07877940009675,10.08592925212963
2.6365363373924477,-0.5325096219064065,4.237019137634698
1.6643268415830228,-1.1706111957496166,1.149343810656092
1.7392949240115732,-1.7763625933828542,2.9673772429832135
-1.2154470271324385,5.252663382671649,8.119304846368577
0.2842202307621039,5.840164381694188,2.3416112103251576
-0.8978171206024537,6.252898772962484,1.0134445543537423
-3.42866627825469,7.546805982996588,-0.21421662550706133
2.410991742511142,-0.9737719490143214,2.872178300672888
-2.046855104486501,6.249901387824418,-0.453584065257169
-0.9386511740501731,6.872086428703926,0.5966901868323465
-2.63793539951145,5.42819763120823,-0.28614659604428083
-0.2421387954888372,-0.7419464919814053,2.363572634761822
0.6907599837739651,-0.6467251011411231,1.2197764419008683
0.17472772176995588,8.231546600598154,8.681852542212475
-1.9102513393087888,6.081102947914626,-0.0476586400511646
-2.0139579692242364,8.391246979724468,9.283604524586886
0.2960918745496447,4.970170409480304,1.5945477340443246
0.804723747324247,5.075577878662058,2.8787716753966093
-2.4757364404181814,5.472901480871672,1.6424835311859405
1.11817131569511,-2.5568392965308817,2.567938896744018
1.1767594243303903,-1.1879998880059608,4.93892582281792
1.886448986639087,4.621005542639692,2.841595483541854
0.4694537242478075,3.707473288997882,2.0027002251633315
2.9198912641957877,3.8901683466886428,1.3078127099921202
-0.8582269234997826,-1.0759695514159906,2.233871363595906
0.2867203007962945,3.848254823931047,2.072746680457935
0.8856124724583871,8.2418755093178,9.080078508470747
0.14983153988748066,4.205334803022958,1.3917892350707706
-2.1264461175562235,8.53484049922941,8.212032922574677
0.8403203778681743,5.440678690051085,2.1529924891477337
-2.5009279173869308,5.700367978884872,1.799283354517287
-2.279349234002024,4.9553401328182165,0.3467967874650922
-3.8268491397414617,8.36086900200929,2.347819783254822
0.7890862285206615,5.836566541806848,3.524626291333163
-1.780745693955218,8.48051528910147,10.285097643014776
-3.709253090548523,5.5225246537370785,-0.2623920004212178
-2.4594115975121476,5.5627291951625955,0.7950780276963688
0.9340129268858524,3.347842326955613,1.7092857457334916
-1.3007313560688407,3.78717714859533,-0.6487232643385268
-1.613310991292408,6.04413246760041,9.214668658886726
-2.590746605318485,6.198982010893797,2.049220351200427
-1.055094277478258,7.159514814540107,0.7832309588360484
0.7126099889285953,-2.334552500838261,1.471347561769735
0.24537006000291772,-2.0480933255230163,1.0748127111764743
-3.374299121519801,4.977422572982127,1.2553605644045005
0.9480878502078401,4.7321191979788075,2.121784743816046
-1.3525992662408428,6.84745807314786,8.095626247537956
1.7734964215252678,-1.642011481709132,3.3752978675541137
-0.2862169802553809,-4.186076251218646,3.5242017856925036
1.820633054948042,3.303571980058825,0.5104964246552663
-1.623402891407434,6.609263823858575,9.456594409278187
1.6527033734929948,4.8803781440633305,1.846968765854883
-1.5739252435663245,8.305893160488075,9.584702281574742
1.363172576405757,3.792982189879517,0.8746353373104658
-1.3390327949659397,7.739564402213309,0.5631211753982439
-0.9395045329095371,6.464700033098533,10.13890813283644
-2.2529584423922935,7.239046276593004,0.7243391655363386
-0.7188105287130957,-1.8187413759697681,2.1563900495214994
-4.0098579863131025,6.049466352279385,0.6751176270610068
3.2460247025341027,2.8494216528496255,2.101026038734324
-2.3621058807584046,7.41336595606978,-0.2176021549952023
-3.3459955312188865,5.232168908070429,1.49930679286867
-0.7760086246583016,8.76586851175271,9.097938807693566
2.102906000653002,3.2238558190849664,0.9077988690217755
1.5592237582997885,3.9043382981855146,2.425323409280397
-0.7500125237851818,4.481213469702142,1.6534865852246161
0.338833052994266,3.9065155131195923,1.9223869438459222
0.7082667075951147,5.106243723244785,3.002519489206626
-0.6826656132162665,4.284486572295144,0.12207304725871987
-1.7125934661816418,8.857250601230268,8.720714536603857
-2.35116198770152,7.733762741086722,9.292534594533663
1.8770965655006822,4.76944976717885,0.5190238351556542
-0.49251548585160765,7.296327378888604,8.52356486531769
2.195509450589036,-3.8910778303630855,2.938216443038366
0.301937417889119,4.335617885722741,1.4194214430539969
-2.1471979312116862,7.910046422185148,8.196156140616592
0.303809630770544,3.9442341659078486,1.2421212393884238
0.016822063342615712,8.046957028373471,8.568333857513142
-0.3579883928562584,2.9570698216508347,2.7490406741230107
1.766627146834732,-1.2500321073757774,1.9467776908886383
-1.9534104537537276,6.07436786754857,0.736857069183732
2.63038484685707,-0.842402906362715,3.288707262614225
-2.5295685203044913,5.928693061963438,-0.5697125497850466
1.2124808644537606,-0.7053183011721096,2.9231749076324838
-1.2252960191381987,7.824314403799753,9.284754109890649
1.5851139130219458,3.2585339613014352,3.266412811115579
0.9592496646850545,4.682939063003472,4.31457647212373
0.5502130074393736,-2.1081724900822305,1.2852477350986276
1.7929239328278668,-0.15193994682891554,1.585670606738621
0.6173081647534278,-1.8915975576135908,3.0745861166054866
-0.6431356906639836,8.731016001192918,9.14134657024062
-0.4755609376437685,6.173861724527031,9.721450494443898
-0.5401278138636416,-0.1623721651194341,2.228433076783185
-3.568850050536892,8.152620641934282,9.793295824591453
-0.5776853244352403,7.127954318131017,9.313021944607081
-3.1359233641223145,8.181147792179853,-0.7012627119701695
0.509850981810552,3.3593410715301397,1.6452178282303294
-2.1383056679340595,4.677483480837424,1.348571449521432
-1.004526389677432,3.955875178122237,2.211616490536858
1.7373078036934886,4.425462343941218,2.4991307541783034
-1.672919077179016,7.005495418103632,10.684427273910199
0.936294211778125,-3.183619115543859,1.932371523648972
-3.8124155856817437,4.561942626620975,2.0966577320216686
0.12273323154497118,7.325616773503115,9.598124825816772
-0.7300001120785176,6.25456272268018,1.5456153396812244
-1.0757513582532843,7.856522036983658,9.372709667051298
-0.6376277690114565,4.091047047234421,1.1598009602392023
-1.1966808319762612,8.702736644450022,8.424934687215353
1.351445572573621,-3.356644424226437,2.9548879832432724
2.519284673953231,3.0109304177249414,2.322318390782061
-2.52401145202841,5.801181478808139,-0.9529051023414039
1.6655660676706405,-0.9370241924873859,2.5540234513623328
0.9920152492550108,-1.5690754645124843,2.630995068943215
1.2849441353330002,-3.7824682426240948,1.8953754176975193
-2.1087064594758385,5.746125238454137,0.6762763018735644
0.35820902656343545,-1.8025745477824624,2.2081542954862345
-3.193958857910109,6.922676521506302,9.492764765813632
-1.6351266215967968,7.325167276007965,9.457180704360896
-1.7557733764035073,6.78357991308992,11.770455601607594
-0.06694835379579156,-2.3095331690494305,2.807492962306235
2.2065607592742156,5.506167176232801,1.6679407040249257
-3.3184563169420978,5.433266051742109,-0.22218408102651255
0.9867700992673155,6.089657821354225,2.1821796141364977
1.1182232418672746,3.984458910303295,2.7468062725030644
-0.12037821534942794,-1.604758769162756,3.300614691345391
0.26575990193276955,-1.3629754407693189,3.0142036172543194
-1.6302647303239706,7.611201081389954,8.971005479565516
-0.6066683187885868,4.914166706555595,0.866408263648849
-1.85005449709561,8.593855875674874,0.5032304168069391
